Node,Value
0,0.6428571428571429
1,0.5625
2,0.6
3,0.5
4,0.45
5,0.5
6,0.5
7,0.6923076923076923
8,0.5
9,0.5625
