Type,Kendall,Spearman
Degree,0.6060906832515294,0.739080601852285
Closeness,0.6819720835302695,0.8622934365520251
Katz,0.7039410820218532,0.8754099558590671
