Node,Value
0,0.4444444444444444
1,0.3333333333333333
2,0.4444444444444444
3,0.2222222222222222
4,0.2222222222222222
5,0.3333333333333333
6,0.2222222222222222
7,0.5555555555555556
8,0.2222222222222222
9,0.3333333333333333
