Node,Value
0,0.34937882392141845
1,0.3202502545255383
2,0.3469839780833496
3,0.281990245294534
4,0.27696226823955106
5,0.3125785874062107
6,0.2855518716425699
7,0.36994026963066806
8,0.2892318907286739
9,0.3146324839285791
